raceId,year,round,circuitId,name,url,overtakes
436,1984,1,36,Brazilian Grand Prix,http://en.wikipedia.org/wiki/1984_Brazilian_Grand_Prix,61
437,1984,2,30,South African Grand Prix,http://en.wikipedia.org/wiki/1984_South_African_Grand_Prix,83
438,1984,3,40,Belgian Grand Prix,http://en.wikipedia.org/wiki/1984_Belgian_Grand_Prix,50
439,1984,4,21,San Marino Grand Prix,http://en.wikipedia.org/wiki/1984_San_Marino_Grand_Prix,53
440,1984,5,41,French Grand Prix,http://en.wikipedia.org/wiki/1984_French_Grand_Prix,54
441,1984,6,6,Monaco Grand Prix,http://en.wikipedia.org/wiki/1984_Monaco_Grand_Prix,22
442,1984,7,7,Canadian Grand Prix,http://en.wikipedia.org/wiki/1984_Canadian_Grand_Prix,57
443,1984,8,37,Detroit Grand Prix,http://en.wikipedia.org/wiki/1984_Detroit_Grand_Prix,41
444,1984,9,42,Dallas Grand Prix,http://en.wikipedia.org/wiki/1984_Dallas_Grand_Prix,45
445,1984,10,38,British Grand Prix,http://en.wikipedia.org/wiki/1984_British_Grand_Prix,16
446,1984,11,10,German Grand Prix,http://en.wikipedia.org/wiki/1984_German_Grand_Prix,50
447,1984,12,70,Austrian Grand Prix,http://en.wikipedia.org/wiki/1984_Austrian_Grand_Prix,44
448,1984,13,39,Dutch Grand Prix,http://en.wikipedia.org/wiki/1984_Dutch_Grand_Prix,50
449,1984,14,14,Italian Grand Prix,http://en.wikipedia.org/wiki/1984_Italian_Grand_Prix,51
450,1984,15,20,European Grand Prix,http://en.wikipedia.org/wiki/1984_European_Grand_Prix,44
451,1984,16,27,Portuguese Grand Prix,http://en.wikipedia.org/wiki/1984_Portuguese_Grand_Prix,60
420,1985,1,36,Brazilian Grand Prix,http://en.wikipedia.org/wiki/1985_Brazilian_Grand_Prix,63
421,1985,2,27,Portuguese Grand Prix,http://en.wikipedia.org/wiki/1985_Portuguese_Grand_Prix,59
422,1985,3,21,San Marino Grand Prix,http://en.wikipedia.org/wiki/1985_San_Marino_Grand_Prix,49
423,1985,4,6,Monaco Grand Prix,http://en.wikipedia.org/wiki/1985_Monaco_Grand_Prix,22
424,1985,5,7,Canadian Grand Prix,http://en.wikipedia.org/wiki/1985_Canadian_Grand_Prix,48
425,1985,6,37,Detroit Grand Prix,http://en.wikipedia.org/wiki/1985_Detroit_Grand_Prix,46
426,1985,7,34,French Grand Prix,http://en.wikipedia.org/wiki/1985_French_Grand_Prix,47
427,1985,8,9,British Grand Prix,http://en.wikipedia.org/wiki/1985_British_Grand_Prix,52
428,1985,9,20,German Grand Prix,http://en.wikipedia.org/wiki/1985_German_Grand_Prix,31
429,1985,10,70,Austrian Grand Prix,http://en.wikipedia.org/wiki/1985_Austrian_Grand_Prix,32
430,1985,11,39,Dutch Grand Prix,http://en.wikipedia.org/wiki/1985_Dutch_Grand_Prix,62
431,1985,12,14,Italian Grand Prix,http://en.wikipedia.org/wiki/1985_Italian_Grand_Prix,40
432,1985,13,13,Belgian Grand Prix,http://en.wikipedia.org/wiki/1985_Belgian_Grand_Prix,65
433,1985,14,38,European Grand Prix,http://en.wikipedia.org/wiki/1985_European_Grand_Prix,64
434,1985,15,30,South African Grand Prix,http://en.wikipedia.org/wiki/1985_South_African_Grand_Prix,15
435,1985,16,29,Australian Grand Prix,http://en.wikipedia.org/wiki/1985_Australian_Grand_Prix,47
404,1986,1,36,Brazilian Grand Prix,http://en.wikipedia.org/wiki/1986_Brazilian_Grand_Prix,53
405,1986,2,26,Spanish Grand Prix,http://en.wikipedia.org/wiki/1986_Spanish_Grand_Prix,22
406,1986,3,21,San Marino Grand Prix,http://en.wikipedia.org/wiki/1986_San_Marino_Grand_Prix,34
407,1986,4,6,Monaco Grand Prix,http://en.wikipedia.org/wiki/1986_Monaco_Grand_Prix,21
408,1986,5,13,Belgian Grand Prix,http://en.wikipedia.org/wiki/1986_Belgian_Grand_Prix,33
409,1986,6,7,Canadian Grand Prix,http://en.wikipedia.org/wiki/1986_Canadian_Grand_Prix,34
410,1986,7,37,Detroit Grand Prix,http://en.wikipedia.org/wiki/1986_Detroit_Grand_Prix,59
411,1986,8,34,French Grand Prix,http://en.wikipedia.org/wiki/1986_French_Grand_Prix,35
412,1986,9,38,British Grand Prix,http://en.wikipedia.org/wiki/1986_British_Grand_Prix,23
413,1986,10,10,German Grand Prix,http://en.wikipedia.org/wiki/1986_German_Grand_Prix,65
414,1986,11,11,Hungarian Grand Prix,http://en.wikipedia.org/wiki/1986_Hungarian_Grand_Prix,51
415,1986,12,70,Austrian Grand Prix,http://en.wikipedia.org/wiki/1986_Austrian_Grand_Prix,15
416,1986,13,14,Italian Grand Prix,http://en.wikipedia.org/wiki/1986_Italian_Grand_Prix,58
417,1986,14,27,Portuguese Grand Prix,http://en.wikipedia.org/wiki/1986_Portuguese_Grand_Prix,29
418,1986,15,32,Mexican Grand Prix,http://en.wikipedia.org/wiki/1986_Mexican_Grand_Prix,62
419,1986,16,29,Australian Grand Prix,http://en.wikipedia.org/wiki/1986_Australian_Grand_Prix,64
388,1987,1,36,Brazilian Grand Prix,http://en.wikipedia.org/wiki/1987_Brazilian_Grand_Prix,48
389,1987,2,21,San Marino Grand Prix,http://en.wikipedia.org/wiki/1987_San_Marino_Grand_Prix,52
390,1987,3,13,Belgian Grand Prix,http://en.wikipedia.org/wiki/1987_Belgian_Grand_Prix,19
391,1987,4,6,Monaco Grand Prix,http://en.wikipedia.org/wiki/1987_Monaco_Grand_Prix,16
392,1987,5,37,Detroit Grand Prix,http://en.wikipedia.org/wiki/1987_Detroit_Grand_Prix,43
393,1987,6,34,French Grand Prix,http://en.wikipedia.org/wiki/1987_French_Grand_Prix,44
394,1987,7,9,British Grand Prix,http://en.wikipedia.org/wiki/1987_British_Grand_Prix,22
395,1987,8,10,German Grand Prix,http://en.wikipedia.org/wiki/1987_German_Grand_Prix,31
396,1987,9,11,Hungarian Grand Prix,http://en.wikipedia.org/wiki/1987_Hungarian_Grand_Prix,29
397,1987,10,70,Austrian Grand Prix,http://en.wikipedia.org/wiki/1987_Austrian_Grand_Prix,72
398,1987,11,14,Italian Grand Prix,http://en.wikipedia.org/wiki/1987_Italian_Grand_Prix,27
399,1987,12,27,Portuguese Grand Prix,http://en.wikipedia.org/wiki/1987_Portuguese_Grand_Prix,24
400,1987,13,26,Spanish Grand Prix,http://en.wikipedia.org/wiki/1987_Spanish_Grand_Prix,42
401,1987,14,32,Mexican Grand Prix,http://en.wikipedia.org/wiki/1987_Mexican_Grand_Prix,24
402,1987,15,22,Japanese Grand Prix,http://en.wikipedia.org/wiki/1987_Japanese_Grand_Prix,45
403,1987,16,29,Australian Grand Prix,http://en.wikipedia.org/wiki/1987_Australian_Grand_Prix,54
372,1988,1,36,Brazilian Grand Prix,http://en.wikipedia.org/wiki/1988_Brazilian_Grand_Prix,46
373,1988,2,21,San Marino Grand Prix,http://en.wikipedia.org/wiki/1988_San_Marino_Grand_Prix,41
374,1988,3,6,Monaco Grand Prix,http://en.wikipedia.org/wiki/1988_Monaco_Grand_Prix,11
375,1988,4,32,Mexican Grand Prix,http://en.wikipedia.org/wiki/1988_Mexican_Grand_Prix,35
376,1988,5,7,Canadian Grand Prix,http://en.wikipedia.org/wiki/1988_Canadian_Grand_Prix,22
377,1988,6,37,Detroit Grand Prix,http://en.wikipedia.org/wiki/1988_Detroit_Grand_Prix,36
378,1988,7,34,French Grand Prix,http://en.wikipedia.org/wiki/1988_French_Grand_Prix,36
379,1988,8,9,British Grand Prix,http://en.wikipedia.org/wiki/1988_British_Grand_Prix,40
380,1988,9,10,German Grand Prix,http://en.wikipedia.org/wiki/1988_German_Grand_Prix,29
381,1988,10,11,Hungarian Grand Prix,http://en.wikipedia.org/wiki/1988_Hungarian_Grand_Prix,27
382,1988,11,13,Belgian Grand Prix,http://en.wikipedia.org/wiki/1988_Belgian_Grand_Prix,30
383,1988,12,14,Italian Grand Prix,http://en.wikipedia.org/wiki/1988_Italian_Grand_Prix,32
384,1988,13,27,Portuguese Grand Prix,http://en.wikipedia.org/wiki/1988_Portuguese_Grand_Prix,19
385,1988,14,26,Spanish Grand Prix,http://en.wikipedia.org/wiki/1988_Spanish_Grand_Prix,30
386,1988,15,22,Japanese Grand Prix,http://en.wikipedia.org/wiki/1988_Japanese_Grand_Prix,62
387,1988,16,29,Australian Grand Prix,http://en.wikipedia.org/wiki/1988_Australian_Grand_Prix,35
356,1989,1,36,Brazilian Grand Prix,http://en.wikipedia.org/wiki/1989_Brazilian_Grand_Prix,31
357,1989,2,21,San Marino Grand Prix,http://en.wikipedia.org/wiki/1989_San_Marino_Grand_Prix,5
358,1989,3,6,Monaco Grand Prix,http://en.wikipedia.org/wiki/1989_Monaco_Grand_Prix,20
359,1989,4,32,Mexican Grand Prix,http://en.wikipedia.org/wiki/1989_Mexican_Grand_Prix,47
360,1989,5,33,United States Grand Prix,http://en.wikipedia.org/wiki/1989_United_States_Grand_Prix,28
361,1989,6,7,Canadian Grand Prix,http://en.wikipedia.org/wiki/1989_Canadian_Grand_Prix,58
362,1989,7,34,French Grand Prix,http://en.wikipedia.org/wiki/1989_French_Grand_Prix,38
363,1989,8,9,British Grand Prix,http://en.wikipedia.org/wiki/1989_British_Grand_Prix,40
364,1989,9,10,German Grand Prix,http://en.wikipedia.org/wiki/1989_German_Grand_Prix,27
365,1989,10,11,Hungarian Grand Prix,http://en.wikipedia.org/wiki/1989_Hungarian_Grand_Prix,35
366,1989,11,13,Belgian Grand Prix,http://en.wikipedia.org/wiki/1989_Belgian_Grand_Prix,20
367,1989,12,14,Italian Grand Prix,http://en.wikipedia.org/wiki/1989_Italian_Grand_Prix,28
368,1989,13,27,Portuguese Grand Prix,http://en.wikipedia.org/wiki/1989_Portuguese_Grand_Prix,71
369,1989,14,26,Spanish Grand Prix,http://en.wikipedia.org/wiki/1989_Spanish_Grand_Prix,29
370,1989,15,22,Japanese Grand Prix,http://en.wikipedia.org/wiki/1989_Japanese_Grand_Prix,44
371,1989,16,29,Australian Grand Prix,http://en.wikipedia.org/wiki/1989_Australian_Grand_Prix,46
321,1990,1,33,United States Grand Prix,http://en.wikipedia.org/wiki/1990_United_States_Grand_Prix,44
322,1990,2,18,Brazilian Grand Prix,http://en.wikipedia.org/wiki/1990_Brazilian_Grand_Prix,42
323,1990,3,21,San Marino Grand Prix,http://en.wikipedia.org/wiki/1990_San_Marino_Grand_Prix,33
324,1990,4,6,Monaco Grand Prix,http://en.wikipedia.org/wiki/1990_Monaco_Grand_Prix,11
325,1990,5,7,Canadian Grand Prix,http://en.wikipedia.org/wiki/1990_Canadian_Grand_Prix,60
326,1990,6,32,Mexican Grand Prix,http://en.wikipedia.org/wiki/1990_Mexican_Grand_Prix,73
327,1990,7,34,French Grand Prix,http://en.wikipedia.org/wiki/1990_French_Grand_Prix,36
328,1990,8,9,British Grand Prix,http://en.wikipedia.org/wiki/1990_British_Grand_Prix,49
329,1990,9,10,German Grand Prix,http://en.wikipedia.org/wiki/1990_German_Grand_Prix,20
330,1990,10,11,Hungarian Grand Prix,http://en.wikipedia.org/wiki/1990_Hungarian_Grand_Prix,39
331,1990,11,13,Belgian Grand Prix,http://en.wikipedia.org/wiki/1990_Belgian_Grand_Prix,31
332,1990,12,14,Italian Grand Prix,http://en.wikipedia.org/wiki/1990_Italian_Grand_Prix,17
333,1990,13,27,Portuguese Grand Prix,http://en.wikipedia.org/wiki/1990_Portuguese_Grand_Prix,31
334,1990,14,26,Spanish Grand Prix,http://en.wikipedia.org/wiki/1990_Spanish_Grand_Prix,18
335,1990,15,22,Japanese Grand Prix,http://en.wikipedia.org/wiki/1990_Japanese_Grand_Prix,11
336,1990,16,29,Australian Grand Prix,http://en.wikipedia.org/wiki/1990_Australian_Grand_Prix,29
305,1991,1,33,United States Grand Prix,http://en.wikipedia.org/wiki/1991_United_States_Grand_Prix,27
306,1991,2,18,Brazilian Grand Prix,http://en.wikipedia.org/wiki/1991_Brazilian_Grand_Prix,26
307,1991,3,21,San Marino Grand Prix,http://en.wikipedia.org/wiki/1991_San_Marino_Grand_Prix,40
308,1991,4,6,Monaco Grand Prix,http://en.wikipedia.org/wiki/1991_Monaco_Grand_Prix,9
309,1991,5,7,Canadian Grand Prix,http://en.wikipedia.org/wiki/1991_Canadian_Grand_Prix,33
310,1991,6,32,Mexican Grand Prix,http://en.wikipedia.org/wiki/1991_Mexican_Grand_Prix,54
311,1991,7,8,French Grand Prix,http://en.wikipedia.org/wiki/1991_French_Grand_Prix,41
312,1991,8,9,British Grand Prix,http://en.wikipedia.org/wiki/1991_British_Grand_Prix,43
313,1991,9,10,German Grand Prix,http://en.wikipedia.org/wiki/1991_German_Grand_Prix,29
314,1991,10,11,Hungarian Grand Prix,http://en.wikipedia.org/wiki/1991_Hungarian_Grand_Prix,33
315,1991,11,13,Belgian Grand Prix,http://en.wikipedia.org/wiki/1991_Belgian_Grand_Prix,35
316,1991,12,14,Italian Grand Prix,http://en.wikipedia.org/wiki/1991_Italian_Grand_Prix,29
317,1991,13,27,Portuguese Grand Prix,http://en.wikipedia.org/wiki/1991_Portuguese_Grand_Prix,25
318,1991,14,4,Spanish Grand Prix,http://en.wikipedia.org/wiki/1991_Spanish_Grand_Prix,65
319,1991,15,22,Japanese Grand Prix,http://en.wikipedia.org/wiki/1991_Japanese_Grand_Prix,6
320,1991,16,29,Australian Grand Prix,http://en.wikipedia.org/wiki/1991_Australian_Grand_Prix,23
289,1992,1,30,South African Grand Prix,http://en.wikipedia.org/wiki/1992_South_African_Grand_Prix,22
290,1992,2,32,Mexican Grand Prix,http://en.wikipedia.org/wiki/1992_Mexican_Grand_Prix,43
291,1992,3,18,Brazilian Grand Prix,http://en.wikipedia.org/wiki/1992_Brazilian_Grand_Prix,20
292,1992,4,4,Spanish Grand Prix,http://en.wikipedia.org/wiki/1992_Spanish_Grand_Prix,41
293,1992,5,21,San Marino Grand Prix,http://en.wikipedia.org/wiki/1992_San_Marino_Grand_Prix,22
294,1992,6,6,Monaco Grand Prix,http://en.wikipedia.org/wiki/1992_Monaco_Grand_Prix,7
295,1992,7,7,Canadian Grand Prix,http://en.wikipedia.org/wiki/1992_Canadian_Grand_Prix,17
296,1992,8,8,French Grand Prix,http://en.wikipedia.org/wiki/1992_French_Grand_Prix,4
297,1992,9,9,British Grand Prix,http://en.wikipedia.org/wiki/1992_British_Grand_Prix,29
298,1992,10,10,German Grand Prix,http://en.wikipedia.org/wiki/1992_German_Grand_Prix,20
299,1992,11,11,Hungarian Grand Prix,http://en.wikipedia.org/wiki/1992_Hungarian_Grand_Prix,27
300,1992,12,13,Belgian Grand Prix,http://en.wikipedia.org/wiki/1992_Belgian_Grand_Prix,63
301,1992,13,14,Italian Grand Prix,http://en.wikipedia.org/wiki/1992_Italian_Grand_Prix,43
302,1992,14,27,Portuguese Grand Prix,http://en.wikipedia.org/wiki/1992_Portuguese_Grand_Prix,31
303,1992,15,22,Japanese Grand Prix,http://en.wikipedia.org/wiki/1992_Japanese_Grand_Prix,18
304,1992,16,29,Australian Grand Prix,http://en.wikipedia.org/wiki/1992_Australian_Grand_Prix,19
273,1993,1,30,South African Grand Prix,http://en.wikipedia.org/wiki/1993_South_African_Grand_Prix,10
274,1993,2,18,Brazilian Grand Prix,http://en.wikipedia.org/wiki/1993_Brazilian_Grand_Prix,28
275,1993,3,31,European Grand Prix,http://en.wikipedia.org/wiki/1993_European_Grand_Prix,31
276,1993,4,21,San Marino Grand Prix,http://en.wikipedia.org/wiki/1993_San_Marino_Grand_Prix,22
277,1993,5,4,Spanish Grand Prix,http://en.wikipedia.org/wiki/1993_Spanish_Grand_Prix,18
278,1993,6,6,Monaco Grand Prix,http://en.wikipedia.org/wiki/1993_Monaco_Grand_Prix,31
279,1993,7,7,Canadian Grand Prix,http://en.wikipedia.org/wiki/1993_Canadian_Grand_Prix,11
280,1993,8,8,French Grand Prix,http://en.wikipedia.org/wiki/1993_French_Grand_Prix,24
281,1993,9,9,British Grand Prix,http://en.wikipedia.org/wiki/1993_British_Grand_Prix,26
282,1993,10,10,German Grand Prix,http://en.wikipedia.org/wiki/1993_German_Grand_Prix,51
283,1993,11,11,Hungarian Grand Prix,http://en.wikipedia.org/wiki/1993_Hungarian_Grand_Prix,39
284,1993,12,13,Belgian Grand Prix,http://en.wikipedia.org/wiki/1993_Belgian_Grand_Prix,42
285,1993,13,14,Italian Grand Prix,http://en.wikipedia.org/wiki/1993_Italian_Grand_Prix,30
286,1993,14,27,Portuguese Grand Prix,http://en.wikipedia.org/wiki/1993_Portuguese_Grand_Prix,29
287,1993,15,22,Japanese Grand Prix,http://en.wikipedia.org/wiki/1993_Japanese_Grand_Prix,28
288,1993,16,29,Australian Grand Prix,http://en.wikipedia.org/wiki/1993_Australian_Grand_Prix,14
257,1994,1,18,Brazilian Grand Prix,http://en.wikipedia.org/wiki/1994_Brazilian_Grand_Prix,20
258,1994,2,28,Pacific Grand Prix,http://en.wikipedia.org/wiki/1994_Pacific_Grand_Prix,16
259,1994,3,21,San Marino Grand Prix,http://en.wikipedia.org/wiki/1994_San_Marino_Grand_Prix,0
260,1994,4,6,Monaco Grand Prix,http://en.wikipedia.org/wiki/1994_Monaco_Grand_Prix,9
261,1994,5,4,Spanish Grand Prix,http://en.wikipedia.org/wiki/1994_Spanish_Grand_Prix,14
262,1994,6,7,Canadian Grand Prix,http://en.wikipedia.org/wiki/1994_Canadian_Grand_Prix,28
263,1994,7,8,French Grand Prix,http://en.wikipedia.org/wiki/1994_French_Grand_Prix,15
264,1994,8,9,British Grand Prix,http://en.wikipedia.org/wiki/1994_British_Grand_Prix,36
265,1994,9,10,German Grand Prix,http://en.wikipedia.org/wiki/1994_German_Grand_Prix,12
266,1994,10,11,Hungarian Grand Prix,http://en.wikipedia.org/wiki/1994_Hungarian_Grand_Prix,5
267,1994,11,13,Belgian Grand Prix,http://en.wikipedia.org/wiki/1994_Belgian_Grand_Prix,36
268,1994,12,14,Italian Grand Prix,http://en.wikipedia.org/wiki/1994_Italian_Grand_Prix,31
269,1994,13,27,Portuguese Grand Prix,http://en.wikipedia.org/wiki/1994_Portuguese_Grand_Prix,27
270,1994,14,26,European Grand Prix,http://en.wikipedia.org/wiki/1994_European_Grand_Prix,15
271,1994,15,22,Japanese Grand Prix,http://en.wikipedia.org/wiki/1994_Japanese_Grand_Prix,3
272,1994,16,29,Australian Grand Prix,http://en.wikipedia.org/wiki/1994_Australian_Grand_Prix,20
240,1995,1,18,Brazilian Grand Prix,http://en.wikipedia.org/wiki/1995_Brazilian_Grand_Prix,22
241,1995,2,25,Argentine Grand Prix,http://en.wikipedia.org/wiki/1995_Argentine_Grand_Prix,27
242,1995,3,21,San Marino Grand Prix,http://en.wikipedia.org/wiki/1995_San_Marino_Grand_Prix,44
243,1995,4,4,Spanish Grand Prix,http://en.wikipedia.org/wiki/1995_Spanish_Grand_Prix,19
244,1995,5,6,Monaco Grand Prix,http://en.wikipedia.org/wiki/1995_Monaco_Grand_Prix,9
245,1995,6,7,Canadian Grand Prix,http://en.wikipedia.org/wiki/1995_Canadian_Grand_Prix,9
246,1995,7,8,French Grand Prix,http://en.wikipedia.org/wiki/1995_French_Grand_Prix,9
247,1995,8,9,British Grand Prix,http://en.wikipedia.org/wiki/1995_British_Grand_Prix,18
248,1995,9,10,German Grand Prix,http://en.wikipedia.org/wiki/1995_German_Grand_Prix,22
249,1995,10,11,Hungarian Grand Prix,http://en.wikipedia.org/wiki/1995_Hungarian_Grand_Prix,5
250,1995,11,13,Belgian Grand Prix,http://en.wikipedia.org/wiki/1995_Belgian_Grand_Prix,26
251,1995,12,14,Italian Grand Prix,http://en.wikipedia.org/wiki/1995_Italian_Grand_Prix,22
252,1995,13,27,Portuguese Grand Prix,http://en.wikipedia.org/wiki/1995_Portuguese_Grand_Prix,16
253,1995,14,20,European Grand Prix,http://en.wikipedia.org/wiki/1995_European_Grand_Prix,47
254,1995,15,28,Pacific Grand Prix,http://en.wikipedia.org/wiki/1995_Pacific_Grand_Prix,15
255,1995,16,22,Japanese Grand Prix,http://en.wikipedia.org/wiki/1995_Japanese_Grand_Prix,31
256,1995,17,29,Australian Grand Prix,http://en.wikipedia.org/wiki/1995_Australian_Grand_Prix,4
224,1996,1,1,Australian Grand Prix,http://en.wikipedia.org/wiki/1996_Australian_Grand_Prix,9
225,1996,2,18,Brazilian Grand Prix,http://en.wikipedia.org/wiki/1996_Brazilian_Grand_Prix,39
226,1996,3,25,Argentine Grand Prix,http://en.wikipedia.org/wiki/1996_Argentine_Grand_Prix,23
227,1996,4,20,European Grand Prix,http://en.wikipedia.org/wiki/1996_European_Grand_Prix,23
228,1996,5,21,San Marino Grand Prix,http://en.wikipedia.org/wiki/1996_San_Marino_Grand_Prix,5
229,1996,6,6,Monaco Grand Prix,http://en.wikipedia.org/wiki/1996_Monaco_Grand_Prix,6
230,1996,7,4,Spanish Grand Prix,http://en.wikipedia.org/wiki/1996_Spanish_Grand_Prix,6
231,1996,8,7,Canadian Grand Prix,http://en.wikipedia.org/wiki/1996_Canadian_Grand_Prix,15
232,1996,9,8,French Grand Prix,http://en.wikipedia.org/wiki/1996_French_Grand_Prix,9
233,1996,10,9,British Grand Prix,http://en.wikipedia.org/wiki/1996_British_Grand_Prix,10
234,1996,11,10,German Grand Prix,http://en.wikipedia.org/wiki/1996_German_Grand_Prix,11
235,1996,12,11,Hungarian Grand Prix,http://en.wikipedia.org/wiki/1996_Hungarian_Grand_Prix,4
236,1996,13,13,Belgian Grand Prix,http://en.wikipedia.org/wiki/1996_Belgian_Grand_Prix,21
237,1996,14,14,Italian Grand Prix,http://en.wikipedia.org/wiki/1996_Italian_Grand_Prix,12
238,1996,15,27,Portuguese Grand Prix,http://en.wikipedia.org/wiki/1996_Portuguese_Grand_Prix,4
239,1996,16,22,Japanese Grand Prix,http://en.wikipedia.org/wiki/1996_Japanese_Grand_Prix,15
207,1997,1,1,Australian Grand Prix,http://en.wikipedia.org/wiki/1997_Australian_Grand_Prix,4
208,1997,2,18,Brazilian Grand Prix,http://en.wikipedia.org/wiki/1997_Brazilian_Grand_Prix,33
209,1997,3,25,Argentine Grand Prix,http://en.wikipedia.org/wiki/1997_Argentine_Grand_Prix,36
210,1997,4,21,San Marino Grand Prix,http://en.wikipedia.org/wiki/1997_San_Marino_Grand_Prix,5
211,1997,5,6,Monaco Grand Prix,http://en.wikipedia.org/wiki/1997_Monaco_Grand_Prix,31
212,1997,6,4,Spanish Grand Prix,http://en.wikipedia.org/wiki/1997_Spanish_Grand_Prix,25
213,1997,7,7,Canadian Grand Prix,http://en.wikipedia.org/wiki/1997_Canadian_Grand_Prix,23
214,1997,8,8,French Grand Prix,http://en.wikipedia.org/wiki/1997_French_Grand_Prix,8
215,1997,9,9,British Grand Prix,http://en.wikipedia.org/wiki/1997_British_Grand_Prix,14
216,1997,10,10,German Grand Prix,http://en.wikipedia.org/wiki/1997_German_Grand_Prix,16
217,1997,11,11,Hungarian Grand Prix,http://en.wikipedia.org/wiki/1997_Hungarian_Grand_Prix,26
218,1997,12,13,Belgian Grand Prix,http://en.wikipedia.org/wiki/1997_Belgian_Grand_Prix,58
219,1997,13,14,Italian Grand Prix,http://en.wikipedia.org/wiki/1997_Italian_Grand_Prix,5
220,1997,14,70,Austrian Grand Prix,http://en.wikipedia.org/wiki/1997_Austrian_Grand_Prix,18
221,1997,15,20,Luxembourg Grand Prix,http://en.wikipedia.org/wiki/1997_Luxembourg_Grand_Prix,10
222,1997,16,22,Japanese Grand Prix,http://en.wikipedia.org/wiki/1997_Japanese_Grand_Prix,11
223,1997,17,26,European Grand Prix,http://en.wikipedia.org/wiki/1997_European_Grand_Prix,11
191,1998,1,1,Australian Grand Prix,http://en.wikipedia.org/wiki/1998_Australian_Grand_Prix,5
192,1998,2,18,Brazilian Grand Prix,http://en.wikipedia.org/wiki/1998_Brazilian_Grand_Prix,15
193,1998,3,25,Argentine Grand Prix,http://en.wikipedia.org/wiki/1998_Argentine_Grand_Prix,14
194,1998,4,21,San Marino Grand Prix,http://en.wikipedia.org/wiki/1998_San_Marino_Grand_Prix,7
195,1998,5,4,Spanish Grand Prix,http://en.wikipedia.org/wiki/1998_Spanish_Grand_Prix,11
196,1998,6,6,Monaco Grand Prix,http://en.wikipedia.org/wiki/1998_Monaco_Grand_Prix,2
197,1998,7,7,Canadian Grand Prix,http://en.wikipedia.org/wiki/1998_Canadian_Grand_Prix,10
198,1998,8,8,French Grand Prix,http://en.wikipedia.org/wiki/1998_French_Grand_Prix,17
199,1998,9,9,British Grand Prix,http://en.wikipedia.org/wiki/1998_British_Grand_Prix,34
200,1998,10,70,Austrian Grand Prix,http://en.wikipedia.org/wiki/1998_Austrian_Grand_Prix,26
201,1998,11,10,German Grand Prix,http://en.wikipedia.org/wiki/1998_German_Grand_Prix,12
202,1998,12,11,Hungarian Grand Prix,http://en.wikipedia.org/wiki/1998_Hungarian_Grand_Prix,10
203,1998,13,13,Belgian Grand Prix,http://en.wikipedia.org/wiki/1998_Belgian_Grand_Prix,9
204,1998,14,14,Italian Grand Prix,http://en.wikipedia.org/wiki/1998_Italian_Grand_Prix,21
205,1998,15,20,Luxembourg Grand Prix,http://en.wikipedia.org/wiki/1998_Luxembourg_Grand_Prix,6
206,1998,16,22,Japanese Grand Prix,http://en.wikipedia.org/wiki/1998_Japanese_Grand_Prix,18
175,1999,1,1,Australian Grand Prix,http://en.wikipedia.org/wiki/1999_Australian_Grand_Prix,46
176,1999,2,18,Brazilian Grand Prix,http://en.wikipedia.org/wiki/1999_Brazilian_Grand_Prix,34
177,1999,3,21,San Marino Grand Prix,http://en.wikipedia.org/wiki/1999_San_Marino_Grand_Prix,7
178,1999,4,6,Monaco Grand Prix,http://en.wikipedia.org/wiki/1999_Monaco_Grand_Prix,5
179,1999,5,4,Spanish Grand Prix,http://en.wikipedia.org/wiki/1999_Spanish_Grand_Prix,5
180,1999,6,7,Canadian Grand Prix,http://en.wikipedia.org/wiki/1999_Canadian_Grand_Prix,15
181,1999,7,8,French Grand Prix,http://en.wikipedia.org/wiki/1999_French_Grand_Prix,42
182,1999,8,9,British Grand Prix,http://en.wikipedia.org/wiki/1999_British_Grand_Prix,13
183,1999,9,70,Austrian Grand Prix,http://en.wikipedia.org/wiki/1999_Austrian_Grand_Prix,30
184,1999,10,10,German Grand Prix,http://en.wikipedia.org/wiki/1999_German_Grand_Prix,18
185,1999,11,11,Hungarian Grand Prix,http://en.wikipedia.org/wiki/1999_Hungarian_Grand_Prix,4
186,1999,12,13,Belgian Grand Prix,http://en.wikipedia.org/wiki/1999_Belgian_Grand_Prix,18
187,1999,13,14,Italian Grand Prix,http://en.wikipedia.org/wiki/1999_Italian_Grand_Prix,17
188,1999,14,20,European Grand Prix,http://en.wikipedia.org/wiki/1999_European_Grand_Prix,29
189,1999,15,2,Malaysian Grand Prix,http://en.wikipedia.org/wiki/1999_Malaysian_Grand_Prix,11
190,1999,16,22,Japanese Grand Prix,http://en.wikipedia.org/wiki/1999_Japanese_Grand_Prix,4
158,2000,1,1,Australian Grand Prix,http://en.wikipedia.org/wiki/2000_Australian_Grand_Prix,11
159,2000,2,18,Brazilian Grand Prix,http://en.wikipedia.org/wiki/2000_Brazilian_Grand_Prix,22
160,2000,3,21,San Marino Grand Prix,http://en.wikipedia.org/wiki/2000_San_Marino_Grand_Prix,1
161,2000,4,9,British Grand Prix,http://en.wikipedia.org/wiki/2000_British_Grand_Prix,10
162,2000,5,4,Spanish Grand Prix,http://en.wikipedia.org/wiki/2000_Spanish_Grand_Prix,8
163,2000,6,20,European Grand Prix,http://en.wikipedia.org/wiki/2000_European_Grand_Prix,37
164,2000,7,6,Monaco Grand Prix,http://en.wikipedia.org/wiki/2000_Monaco_Grand_Prix,1
165,2000,8,7,Canadian Grand Prix,http://en.wikipedia.org/wiki/2000_Canadian_Grand_Prix,19
166,2000,9,8,French Grand Prix,http://en.wikipedia.org/wiki/2000_French_Grand_Prix,19
167,2000,10,70,Austrian Grand Prix,http://en.wikipedia.org/wiki/2000_Austrian_Grand_Prix,28
168,2000,11,10,German Grand Prix,http://en.wikipedia.org/wiki/2000_German_Grand_Prix,49
169,2000,12,11,Hungarian Grand Prix,http://en.wikipedia.org/wiki/2000_Hungarian_Grand_Prix,11
170,2000,13,13,Belgian Grand Prix,http://en.wikipedia.org/wiki/2000_Belgian_Grand_Prix,28
171,2000,14,14,Italian Grand Prix,http://en.wikipedia.org/wiki/2000_Italian_Grand_Prix,20
172,2000,15,19,United States Grand Prix,http://en.wikipedia.org/wiki/2000_United_States_Grand_Prix,48
173,2000,16,22,Japanese Grand Prix,http://en.wikipedia.org/wiki/2000_Japanese_Grand_Prix,8
174,2000,17,2,Malaysian Grand Prix,http://en.wikipedia.org/wiki/2000_Malaysian_Grand_Prix,30
141,2001,1,1,Australian Grand Prix,http://en.wikipedia.org/wiki/2001_Australian_Grand_Prix,20
142,2001,2,2,Malaysian Grand Prix,http://en.wikipedia.org/wiki/2001_Malaysian_Grand_Prix,56
143,2001,3,18,Brazilian Grand Prix,http://en.wikipedia.org/wiki/2001_Brazilian_Grand_Prix,31
144,2001,4,21,San Marino Grand Prix,http://en.wikipedia.org/wiki/2001_San_Marino_Grand_Prix,8
145,2001,5,4,Spanish Grand Prix,http://en.wikipedia.org/wiki/2001_Spanish_Grand_Prix,10
146,2001,6,70,Austrian Grand Prix,http://en.wikipedia.org/wiki/2001_Austrian_Grand_Prix,18
147,2001,7,6,Monaco Grand Prix,http://en.wikipedia.org/wiki/2001_Monaco_Grand_Prix,7
148,2001,8,7,Canadian Grand Prix,http://en.wikipedia.org/wiki/2001_Canadian_Grand_Prix,12
149,2001,9,20,European Grand Prix,http://en.wikipedia.org/wiki/2001_European_Grand_Prix,7
150,2001,10,8,French Grand Prix,http://en.wikipedia.org/wiki/2001_French_Grand_Prix,8
151,2001,11,9,British Grand Prix,http://en.wikipedia.org/wiki/2001_British_Grand_Prix,8
152,2001,12,10,German Grand Prix,http://en.wikipedia.org/wiki/2001_German_Grand_Prix,14
153,2001,13,11,Hungarian Grand Prix,http://en.wikipedia.org/wiki/2001_Hungarian_Grand_Prix,3
154,2001,14,13,Belgian Grand Prix,http://en.wikipedia.org/wiki/2001_Belgian_Grand_Prix,12
155,2001,15,14,Italian Grand Prix,http://en.wikipedia.org/wiki/2001_Italian_Grand_Prix,28
156,2001,16,19,United States Grand Prix,http://en.wikipedia.org/wiki/2001_United_States_Grand_Prix,17
157,2001,17,22,Japanese Grand Prix,http://en.wikipedia.org/wiki/2001_Japanese_Grand_Prix,18
124,2002,1,1,Australian Grand Prix,http://en.wikipedia.org/wiki/2002_Australian_Grand_Prix,16
125,2002,2,2,Malaysian Grand Prix,http://en.wikipedia.org/wiki/2002_Malaysian_Grand_Prix,27
126,2002,3,18,Brazilian Grand Prix,http://en.wikipedia.org/wiki/2002_Brazilian_Grand_Prix,31
127,2002,4,21,San Marino Grand Prix,http://en.wikipedia.org/wiki/2002_San_Marino_Grand_Prix,6
128,2002,5,4,Spanish Grand Prix,http://en.wikipedia.org/wiki/2002_Spanish_Grand_Prix,3
129,2002,6,70,Austrian Grand Prix,http://en.wikipedia.org/wiki/2002_Austrian_Grand_Prix,20
130,2002,7,6,Monaco Grand Prix,http://en.wikipedia.org/wiki/2002_Monaco_Grand_Prix,10
131,2002,8,7,Canadian Grand Prix,http://en.wikipedia.org/wiki/2002_Canadian_Grand_Prix,17
132,2002,9,20,European Grand Prix,http://en.wikipedia.org/wiki/2002_European_Grand_Prix,25
133,2002,10,9,British Grand Prix,http://en.wikipedia.org/wiki/2002_British_Grand_Prix,48
134,2002,11,8,French Grand Prix,http://en.wikipedia.org/wiki/2002_French_Grand_Prix,2
135,2002,12,10,German Grand Prix,http://en.wikipedia.org/wiki/2002_German_Grand_Prix,24
136,2002,13,11,Hungarian Grand Prix,http://en.wikipedia.org/wiki/2002_Hungarian_Grand_Prix,3
137,2002,14,13,Belgian Grand Prix,http://en.wikipedia.org/wiki/2002_Belgian_Grand_Prix,6
138,2002,15,14,Italian Grand Prix,http://en.wikipedia.org/wiki/2002_Italian_Grand_Prix,16
139,2002,16,19,United States Grand Prix,http://en.wikipedia.org/wiki/2002_United_States_Grand_Prix,19
140,2002,17,22,Japanese Grand Prix,http://en.wikipedia.org/wiki/2002_Japanese_Grand_Prix,1
108,2003,1,1,Australian Grand Prix,http://en.wikipedia.org/wiki/2003_Australian_Grand_Prix,49
109,2003,2,2,Malaysian Grand Prix,http://en.wikipedia.org/wiki/2003_Malaysian_Grand_Prix,21
110,2003,3,18,Brazilian Grand Prix,http://en.wikipedia.org/wiki/2003_Brazilian_Grand_Prix,52
111,2003,4,21,San Marino Grand Prix,http://en.wikipedia.org/wiki/2003_San_Marino_Grand_Prix,3
112,2003,5,4,Spanish Grand Prix,http://en.wikipedia.org/wiki/2003_Spanish_Grand_Prix,22
113,2003,6,70,Austrian Grand Prix,http://en.wikipedia.org/wiki/2003_Austrian_Grand_Prix,14
114,2003,7,6,Monaco Grand Prix,http://en.wikipedia.org/wiki/2003_Monaco_Grand_Prix,0
115,2003,8,7,Canadian Grand Prix,http://en.wikipedia.org/wiki/2003_Canadian_Grand_Prix,9
116,2003,9,20,European Grand Prix,http://en.wikipedia.org/wiki/2003_European_Grand_Prix,9
117,2003,10,8,French Grand Prix,http://en.wikipedia.org/wiki/2003_French_Grand_Prix,10
118,2003,11,9,British Grand Prix,http://en.wikipedia.org/wiki/2003_British_Grand_Prix,51
119,2003,12,10,German Grand Prix,http://en.wikipedia.org/wiki/2003_German_Grand_Prix,11
120,2003,13,11,Hungarian Grand Prix,http://en.wikipedia.org/wiki/2003_Hungarian_Grand_Prix,28
121,2003,14,14,Italian Grand Prix,http://en.wikipedia.org/wiki/2003_Italian_Grand_Prix,5
122,2003,15,19,United States Grand Prix,http://en.wikipedia.org/wiki/2003_United_States_Grand_Prix,54
123,2003,16,22,Japanese Grand Prix,http://en.wikipedia.org/wiki/2003_Japanese_Grand_Prix,19
90,2004,1,1,Australian Grand Prix,http://en.wikipedia.org/wiki/2004_Australian_Grand_Prix,10
91,2004,2,2,Malaysian Grand Prix,http://en.wikipedia.org/wiki/2004_Malaysian_Grand_Prix,25
92,2004,3,3,Bahrain Grand Prix,http://en.wikipedia.org/wiki/2004_Bahrain_Grand_Prix,22
93,2004,4,21,San Marino Grand Prix,http://en.wikipedia.org/wiki/2004_San_Marino_Grand_Prix,6
94,2004,5,4,Spanish Grand Prix,http://en.wikipedia.org/wiki/2004_Spanish_Grand_Prix,7
95,2004,6,6,Monaco Grand Prix,http://en.wikipedia.org/wiki/2004_Monaco_Grand_Prix,5
96,2004,7,20,European Grand Prix,http://en.wikipedia.org/wiki/2004_European_Grand_Prix,13
97,2004,8,7,Canadian Grand Prix,http://en.wikipedia.org/wiki/2004_Canadian_Grand_Prix,19
98,2004,9,19,United States Grand Prix,http://en.wikipedia.org/wiki/2004_United_States_Grand_Prix,19
99,2004,10,8,French Grand Prix,http://en.wikipedia.org/wiki/2004_French_Grand_Prix,15
100,2004,11,9,British Grand Prix,http://en.wikipedia.org/wiki/2004_British_Grand_Prix,15
101,2004,12,10,German Grand Prix,http://en.wikipedia.org/wiki/2004_German_Grand_Prix,32
102,2004,13,11,Hungarian Grand Prix,http://en.wikipedia.org/wiki/2004_Hungarian_Grand_Prix,5
103,2004,14,13,Belgian Grand Prix,http://en.wikipedia.org/wiki/2004_Belgian_Grand_Prix,24
104,2004,15,14,Italian Grand Prix,http://en.wikipedia.org/wiki/2004_Italian_Grand_Prix,48
105,2004,16,17,Chinese Grand Prix,http://en.wikipedia.org/wiki/2004_Chinese_Grand_Prix,22
106,2004,17,22,Japanese Grand Prix,http://en.wikipedia.org/wiki/2004_Japanese_Grand_Prix,30
107,2004,18,18,Brazilian Grand Prix,http://en.wikipedia.org/wiki/2004_Brazilian_Grand_Prix,58
71,2005,1,1,Australian Grand Prix,http://en.wikipedia.org/wiki/2005_Australian_Grand_Prix,7
72,2005,2,2,Malaysian Grand Prix,http://en.wikipedia.org/wiki/2005_Malaysian_Grand_Prix,12
73,2005,3,3,Bahrain Grand Prix,http://en.wikipedia.org/wiki/2005_Bahrain_Grand_Prix,13
74,2005,4,21,San Marino Grand Prix,http://en.wikipedia.org/wiki/2005_San_Marino_Grand_Prix,9
75,2005,5,4,Spanish Grand Prix,http://en.wikipedia.org/wiki/2005_Spanish_Grand_Prix,4
76,2005,6,6,Monaco Grand Prix,http://en.wikipedia.org/wiki/2005_Monaco_Grand_Prix,16
77,2005,7,20,European Grand Prix,http://en.wikipedia.org/wiki/2005_European_Grand_Prix,25
78,2005,8,7,Canadian Grand Prix,http://en.wikipedia.org/wiki/2005_Canadian_Grand_Prix,11
79,2005,9,19,United States Grand Prix,http://en.wikipedia.org/wiki/2005_United_States_Grand_Prix,0
80,2005,10,8,French Grand Prix,http://en.wikipedia.org/wiki/2005_French_Grand_Prix,5
81,2005,11,9,British Grand Prix,http://en.wikipedia.org/wiki/2005_British_Grand_Prix,8
82,2005,12,10,German Grand Prix,http://en.wikipedia.org/wiki/2005_German_Grand_Prix,18
83,2005,13,11,Hungarian Grand Prix,http://en.wikipedia.org/wiki/2005_Hungarian_Grand_Prix,10
84,2005,14,5,Turkish Grand Prix,http://en.wikipedia.org/wiki/2005_Turkish_Grand_Prix,30
85,2005,15,14,Italian Grand Prix,http://en.wikipedia.org/wiki/2005_Italian_Grand_Prix,7
86,2005,16,13,Belgian Grand Prix,http://en.wikipedia.org/wiki/2005_Belgian_Grand_Prix,33
87,2005,17,18,Brazilian Grand Prix,http://en.wikipedia.org/wiki/2005_Brazilian_Grand_Prix,6
88,2005,18,22,Japanese Grand Prix,http://en.wikipedia.org/wiki/2005_Japanese_Grand_Prix,15
89,2005,19,17,Chinese Grand Prix,http://en.wikipedia.org/wiki/2005_Chinese_Grand_Prix,17
53,2006,1,3,Bahrain Grand Prix,http://en.wikipedia.org/wiki/2006_Bahrain_Grand_Prix,46
54,2006,2,2,Malaysian Grand Prix,http://en.wikipedia.org/wiki/2006_Malaysian_Grand_Prix,16
55,2006,3,1,Australian Grand Prix,http://en.wikipedia.org/wiki/2006_Australian_Grand_Prix,26
56,2006,4,21,San Marino Grand Prix,http://en.wikipedia.org/wiki/2006_San_Marino_Grand_Prix,2
57,2006,5,20,European Grand Prix,http://en.wikipedia.org/wiki/2006_European_Grand_Prix,10
58,2006,6,4,Spanish Grand Prix,http://en.wikipedia.org/wiki/2006_Spanish_Grand_Prix,7
59,2006,7,6,Monaco Grand Prix,http://en.wikipedia.org/wiki/2006_Monaco_Grand_Prix,19
60,2006,8,9,British Grand Prix,http://en.wikipedia.org/wiki/2006_British_Grand_Prix,5
61,2006,9,7,Canadian Grand Prix,http://en.wikipedia.org/wiki/2006_Canadian_Grand_Prix,11
62,2006,10,19,United States Grand Prix,http://en.wikipedia.org/wiki/2006_United_States_Grand_Prix,6
63,2006,11,8,French Grand Prix,http://en.wikipedia.org/wiki/2006_French_Grand_Prix,5
64,2006,12,10,German Grand Prix,http://en.wikipedia.org/wiki/2006_German_Grand_Prix,20
65,2006,13,11,Hungarian Grand Prix,http://en.wikipedia.org/wiki/2006_Hungarian_Grand_Prix,37
66,2006,14,5,Turkish Grand Prix,http://en.wikipedia.org/wiki/2006_Turkish_Grand_Prix,32
67,2006,15,14,Italian Grand Prix,http://en.wikipedia.org/wiki/2006_Italian_Grand_Prix,13
68,2006,16,17,Chinese Grand Prix,http://en.wikipedia.org/wiki/2006_Chinese_Grand_Prix,59
69,2006,17,22,Japanese Grand Prix,http://en.wikipedia.org/wiki/2006_Japanese_Grand_Prix,11
70,2006,18,18,Brazilian Grand Prix,http://en.wikipedia.org/wiki/2006_Brazilian_Grand_Prix,20
36,2007,1,1,Australian Grand Prix,http://en.wikipedia.org/wiki/2007_Australian_Grand_Prix,11
37,2007,2,2,Malaysian Grand Prix,http://en.wikipedia.org/wiki/2007_Malaysian_Grand_Prix,12
38,2007,3,3,Bahrain Grand Prix,http://en.wikipedia.org/wiki/2007_Bahrain_Grand_Prix,19
39,2007,4,4,Spanish Grand Prix,http://en.wikipedia.org/wiki/2007_Spanish_Grand_Prix,5
40,2007,5,6,Monaco Grand Prix,http://en.wikipedia.org/wiki/2007_Monaco_Grand_Prix,2
41,2007,6,7,Canadian Grand Prix,http://en.wikipedia.org/wiki/2007_Canadian_Grand_Prix,21
42,2007,7,19,United States Grand Prix,http://en.wikipedia.org/wiki/2007_United_States_Grand_Prix,18
43,2007,8,8,French Grand Prix,http://en.wikipedia.org/wiki/2007_French_Grand_Prix,9
44,2007,9,9,British Grand Prix,http://en.wikipedia.org/wiki/2007_British_Grand_Prix,15
45,2007,10,20,European Grand Prix,http://en.wikipedia.org/wiki/2007_European_Grand_Prix,82
46,2007,11,11,Hungarian Grand Prix,http://en.wikipedia.org/wiki/2007_Hungarian_Grand_Prix,5
47,2007,12,5,Turkish Grand Prix,http://en.wikipedia.org/wiki/2007_Turkish_Grand_Prix,15
48,2007,13,14,Italian Grand Prix,http://en.wikipedia.org/wiki/2007_Italian_Grand_Prix,14
49,2007,14,13,Belgian Grand Prix,http://en.wikipedia.org/wiki/2007_Belgian_Grand_Prix,16
50,2007,15,16,Japanese Grand Prix,http://en.wikipedia.org/wiki/2007_Japanese_Grand_Prix,62
51,2007,16,17,Chinese Grand Prix,http://en.wikipedia.org/wiki/2007_Chinese_Grand_Prix,46
52,2007,17,18,Brazilian Grand Prix,http://en.wikipedia.org/wiki/2007_Brazilian_Grand_Prix,24
18,2008,1,1,Australian Grand Prix,http://en.wikipedia.org/wiki/2008_Australian_Grand_Prix,15
19,2008,2,2,Malaysian Grand Prix,http://en.wikipedia.org/wiki/2008_Malaysian_Grand_Prix,6
20,2008,3,3,Bahrain Grand Prix,http://en.wikipedia.org/wiki/2008_Bahrain_Grand_Prix,15
21,2008,4,4,Spanish Grand Prix,http://en.wikipedia.org/wiki/2008_Spanish_Grand_Prix,3
22,2008,5,5,Turkish Grand Prix,http://en.wikipedia.org/wiki/2008_Turkish_Grand_Prix,15
23,2008,6,6,Monaco Grand Prix,http://en.wikipedia.org/wiki/2008_Monaco_Grand_Prix,33
24,2008,7,7,Canadian Grand Prix,http://en.wikipedia.org/wiki/2008_Canadian_Grand_Prix,24
25,2008,8,8,French Grand Prix,http://en.wikipedia.org/wiki/2008_French_Grand_Prix,11
26,2008,9,9,British Grand Prix,http://en.wikipedia.org/wiki/2008_British_Grand_Prix,47
27,2008,10,10,German Grand Prix,http://en.wikipedia.org/wiki/2008_German_Grand_Prix,22
28,2008,11,11,Hungarian Grand Prix,http://en.wikipedia.org/wiki/2008_Hungarian_Grand_Prix,3
29,2008,12,12,European Grand Prix,http://en.wikipedia.org/wiki/2008_European_Grand_Prix,4
30,2008,13,13,Belgian Grand Prix,http://en.wikipedia.org/wiki/2008_Belgian_Grand_Prix,40
31,2008,14,14,Italian Grand Prix,http://en.wikipedia.org/wiki/2008_Italian_Grand_Prix,48
32,2008,15,15,Singapore Grand Prix,http://en.wikipedia.org/wiki/2008_Singapore_Grand_Prix,14
33,2008,16,16,Japanese Grand Prix,http://en.wikipedia.org/wiki/2008_Japanese_Grand_Prix,25
34,2008,17,17,Chinese Grand Prix,http://en.wikipedia.org/wiki/2008_Chinese_Grand_Prix,10
35,2008,18,18,Brazilian Grand Prix,http://en.wikipedia.org/wiki/2008_Brazilian_Grand_Prix,31
1,2009,1,1,Australian Grand Prix,http://en.wikipedia.org/wiki/2009_Australian_Grand_Prix,32
2,2009,2,2,Malaysian Grand Prix,http://en.wikipedia.org/wiki/2009_Malaysian_Grand_Prix,38
3,2009,3,17,Chinese Grand Prix,http://en.wikipedia.org/wiki/2009_Chinese_Grand_Prix,65
4,2009,4,3,Bahrain Grand Prix,http://en.wikipedia.org/wiki/2009_Bahrain_Grand_Prix,31
5,2009,5,4,Spanish Grand Prix,http://en.wikipedia.org/wiki/2009_Spanish_Grand_Prix,3
6,2009,6,6,Monaco Grand Prix,http://en.wikipedia.org/wiki/2009_Monaco_Grand_Prix,8
7,2009,7,5,Turkish Grand Prix,http://en.wikipedia.org/wiki/2009_Turkish_Grand_Prix,13
8,2009,8,9,British Grand Prix,http://en.wikipedia.org/wiki/2009_British_Grand_Prix,11
9,2009,9,20,German Grand Prix,http://en.wikipedia.org/wiki/2009_German_Grand_Prix,18
10,2009,10,11,Hungarian Grand Prix,http://en.wikipedia.org/wiki/2009_Hungarian_Grand_Prix,7
11,2009,11,12,European Grand Prix,http://en.wikipedia.org/wiki/2009_European_Grand_Prix,1
12,2009,12,13,Belgian Grand Prix,http://en.wikipedia.org/wiki/2009_Belgian_Grand_Prix,11
13,2009,13,14,Italian Grand Prix,http://en.wikipedia.org/wiki/2009_Italian_Grand_Prix,10
14,2009,14,15,Singapore Grand Prix,http://en.wikipedia.org/wiki/2009_Singapore_Grand_Prix,4
15,2009,15,22,Japanese Grand Prix,http://en.wikipedia.org/wiki/2009_Japanese_Grand_Prix,12
16,2009,16,18,Brazilian Grand Prix,http://en.wikipedia.org/wiki/2009_Brazilian_Grand_Prix,29
17,2009,17,24,Abu Dhabi Grand Prix,http://en.wikipedia.org/wiki/2009_Abu_Dhabi_Grand_Prix,8
337,2010,1,3,Bahrain Grand Prix,http://en.wikipedia.org/wiki/2010_Bahrain_Grand_Prix,27
338,2010,2,1,Australian Grand Prix,http://en.wikipedia.org/wiki/2010_Australian_Grand_Prix,51
339,2010,3,2,Malaysian Grand Prix,http://en.wikipedia.org/wiki/2010_Malaysian_Grand_Prix,26
340,2010,4,17,Chinese Grand Prix,http://en.wikipedia.org/wiki/2010_Chinese_Grand_Prix,93
341,2010,5,4,Spanish Grand Prix,http://en.wikipedia.org/wiki/2010_Spanish_Grand_Prix,11
342,2010,6,6,Monaco Grand Prix,http://en.wikipedia.org/wiki/2010_Monaco_Grand_Prix,6
343,2010,7,5,Turkish Grand Prix,http://en.wikipedia.org/wiki/2010_Turkish_Grand_Prix,29
344,2010,8,7,Canadian Grand Prix,http://en.wikipedia.org/wiki/2010_Canadian_Grand_Prix,72
345,2010,9,12,European Grand Prix,http://en.wikipedia.org/wiki/2010_European_Grand_Prix,17
346,2010,10,9,British Grand Prix,http://en.wikipedia.org/wiki/2010_British_Grand_Prix,34
347,2010,11,10,German Grand Prix,http://en.wikipedia.org/wiki/2010_German_Grand_Prix,16
348,2010,12,11,Hungarian Grand Prix,http://en.wikipedia.org/wiki/2010_Hungarian_Grand_Prix,9
349,2010,13,13,Belgian Grand Prix,http://en.wikipedia.org/wiki/2010_Belgian_Grand_Prix,71
350,2010,14,14,Italian Grand Prix,http://en.wikipedia.org/wiki/2010_Italian_Grand_Prix,19
351,2010,15,15,Singapore Grand Prix,http://en.wikipedia.org/wiki/2010_Singapore_Grand_Prix,33
352,2010,16,22,Japanese Grand Prix,http://en.wikipedia.org/wiki/2010_Japanese_Grand_Prix,10
353,2010,17,35,Korean Grand Prix,http://en.wikipedia.org/wiki/2010_Korean_Grand_Prix,39
354,2010,18,18,Brazilian Grand Prix,http://en.wikipedia.org/wiki/2010_Brazilian_Grand_Prix,36
355,2010,19,24,Abu Dhabi Grand Prix,http://en.wikipedia.org/wiki/2010_Abu_Dhabi_Grand_Prix,16
841,2011,1,1,Australian Grand Prix,http://en.wikipedia.org/wiki/2011_Australian_Grand_Prix,31
842,2011,2,2,Malaysian Grand Prix,http://en.wikipedia.org/wiki/2011_Malaysian_Grand_Prix,65
843,2011,3,17,Chinese Grand Prix,http://en.wikipedia.org/wiki/2011_Chinese_Grand_Prix,98
844,2011,4,5,Turkish Grand Prix,http://en.wikipedia.org/wiki/2011_Turkish_Grand_Prix,132
845,2011,5,4,Spanish Grand Prix,http://en.wikipedia.org/wiki/2011_Spanish_Grand_Prix,94
846,2011,6,6,Monaco Grand Prix,http://en.wikipedia.org/wiki/2011_Monaco_Grand_Prix,28
847,2011,7,7,Canadian Grand Prix,http://en.wikipedia.org/wiki/2011_Canadian_Grand_Prix,129
848,2011,8,12,European Grand Prix,http://en.wikipedia.org/wiki/2011_European_Grand_Prix,48
849,2011,9,9,British Grand Prix,http://en.wikipedia.org/wiki/2011_British_Grand_Prix,30
850,2011,10,20,German Grand Prix,http://en.wikipedia.org/wiki/2011_German_Grand_Prix,53
851,2011,11,11,Hungarian Grand Prix,http://en.wikipedia.org/wiki/2011_Hungarian_Grand_Prix,75
852,2011,12,13,Belgian Grand Prix,http://en.wikipedia.org/wiki/2011_Belgian_Grand_Prix,99
853,2011,13,14,Italian Grand Prix,http://en.wikipedia.org/wiki/2011_Italian_Grand_Prix,51
854,2011,14,15,Singapore Grand Prix,http://en.wikipedia.org/wiki/2011_Singapore_Grand_Prix,54
855,2011,15,22,Japanese Grand Prix,http://en.wikipedia.org/wiki/2011_Japanese_Grand_Prix,80
856,2011,16,35,Korean Grand Prix,http://en.wikipedia.org/wiki/2011_Korean_Grand_Prix,55
857,2011,17,68,Indian Grand Prix,http://en.wikipedia.org/wiki/2011_Indian_Grand_Prix,28
858,2011,18,24,Abu Dhabi Grand Prix,http://en.wikipedia.org/wiki/2011_Abu_Dhabi_Grand_Prix,68
859,2011,19,18,Brazilian Grand Prix,http://en.wikipedia.org/wiki/2011_Brazilian_Grand_Prix,31
860,2012,1,1,Australian Grand Prix,http://en.wikipedia.org/wiki/2012_Australian_Grand_Prix,43
861,2012,2,2,Malaysian Grand Prix,http://en.wikipedia.org/wiki/2012_Malaysian_Grand_Prix,83
862,2012,3,17,Chinese Grand Prix,http://en.wikipedia.org/wiki/2012_Chinese_Grand_Prix,97
863,2012,4,3,Bahrain Grand Prix,http://en.wikipedia.org/wiki/2012_Bahrain_Grand_Prix,81
864,2012,5,4,Spanish Grand Prix,http://en.wikipedia.org/wiki/2012_Spanish_Grand_Prix,56
865,2012,6,6,Monaco Grand Prix,http://en.wikipedia.org/wiki/2012_Monaco_Grand_Prix,13
866,2012,7,7,Canadian Grand Prix,http://en.wikipedia.org/wiki/2012_Canadian_Grand_Prix,48
867,2012,8,12,European Grand Prix,http://en.wikipedia.org/wiki/2012_European_Grand_Prix,81
868,2012,9,9,British Grand Prix,http://en.wikipedia.org/wiki/2012_British_Grand_Prix,49
869,2012,10,10,German Grand Prix,http://en.wikipedia.org/wiki/2012_German_Grand_Prix,71
870,2012,11,11,Hungarian Grand Prix,http://en.wikipedia.org/wiki/2012_Hungarian_Grand_Prix,18
871,2012,12,13,Belgian Grand Prix,http://en.wikipedia.org/wiki/2012_Belgian_Grand_Prix,61
872,2012,13,14,Italian Grand Prix,http://en.wikipedia.org/wiki/2012_Italian_Grand_Prix,66
873,2012,14,15,Singapore Grand Prix,http://en.wikipedia.org/wiki/2012_Singapore_Grand_Prix,64
874,2012,15,22,Japanese Grand Prix,http://en.wikipedia.org/wiki/2012_Japanese_Grand_Prix,44
875,2012,16,35,Korean Grand Prix,http://en.wikipedia.org/wiki/2012_Korean_Grand_Prix,36
876,2012,17,68,Indian Grand Prix,http://en.wikipedia.org/wiki/2012_Indian_Grand_Prix,35
877,2012,18,24,Abu Dhabi Grand Prix,http://en.wikipedia.org/wiki/2012_Abu_Dhabi_Grand_Prix,56
878,2012,19,69,United States Grand Prix,http://en.wikipedia.org/wiki/2012_United_States_Grand_Prix,69
879,2012,20,18,Brazilian Grand Prix,http://en.wikipedia.org/wiki/2012_Brazilian_Grand_Prix,158
880,2013,1,1,Australian Grand Prix,http://en.wikipedia.org/wiki/2013_Australian_Grand_Prix,59
881,2013,2,2,Malaysian Grand Prix,http://en.wikipedia.org/wiki/2013_Malaysian_Grand_Prix,55
882,2013,3,17,Chinese Grand Prix,http://en.wikipedia.org/wiki/2013_Chinese_Grand_Prix,84
883,2013,4,3,Bahrain Grand Prix,http://en.wikipedia.org/wiki/2013_Bahrain_Grand_Prix,89
884,2013,5,4,Spanish Grand Prix,http://en.wikipedia.org/wiki/2013_Spanish_Grand_Prix,74
885,2013,6,6,Monaco Grand Prix,http://en.wikipedia.org/wiki/2013_Monaco_Grand_Prix,17
886,2013,7,7,Canadian Grand Prix,http://en.wikipedia.org/wiki/2013_Canadian_Grand_Prix,48
887,2013,8,9,British Grand Prix,http://en.wikipedia.org/wiki/2013_British_Grand_Prix,92
888,2013,9,20,German Grand Prix,http://en.wikipedia.org/wiki/2013_German_Grand_Prix,54
890,2013,10,11,Hungarian Grand Prix,http://en.wikipedia.org/wiki/2013_Hungarian_Grand_Prix,28
891,2013,11,13,Belgian Grand Prix,http://en.wikipedia.org/wiki/2013_Belgian_Grand_Prix,64
892,2013,12,14,Italian Grand Prix,http://en.wikipedia.org/wiki/2013_Italian_Grand_Prix,28
893,2013,13,15,Singapore Grand Prix,http://en.wikipedia.org/wiki/2013_Singapore_Grand_Prix,39
894,2013,14,35,Korean Grand Prix,http://en.wikipedia.org/wiki/2013_Korean_Grand_Prix,69
895,2013,15,22,Japanese Grand Prix,http://en.wikipedia.org/wiki/2013_Japanese_Grand_Prix,34
896,2013,16,68,Indian Grand Prix,http://en.wikipedia.org/wiki/2013_Indian_Grand_Prix,57
897,2013,17,24,Abu Dhabi Grand Prix,http://en.wikipedia.org/wiki/2013_Abu_Dhabi_Grand_Prix,47
898,2013,18,69,United States Grand Prix,http://en.wikipedia.org/wiki/2013_United_States_Grand_Prix,23
899,2013,19,18,Brazilian Grand Prix,http://en.wikipedia.org/wiki/2013_Brazilian_Grand_Prix,68
900,2014,1,1,Australian Grand Prix,http://en.wikipedia.org/wiki/2014_Australian_Grand_Prix,30
901,2014,2,2,Malaysian Grand Prix,http://en.wikipedia.org/wiki/2014_Malaysian_Grand_Prix,33
902,2014,3,3,Bahrain Grand Prix,http://en.wikipedia.org/wiki/2014_Bahrain_Grand_Prix,74
903,2014,4,17,Chinese Grand Prix,http://en.wikipedia.org/wiki/2014_Chinese_Grand_Prix,42
904,2014,5,4,Spanish Grand Prix,http://en.wikipedia.org/wiki/2014_Spanish_Grand_Prix,43
905,2014,6,6,Monaco Grand Prix,http://en.wikipedia.org/wiki/2014_Monaco_Grand_Prix,10
906,2014,7,7,Canadian Grand Prix,http://en.wikipedia.org/wiki/2014_Canadian_Grand_Prix,32
907,2014,8,70,Austrian Grand Prix,http://en.wikipedia.org/wiki/2014_Austrian_Grand_Prix,43
908,2014,9,9,British Grand Prix,http://en.wikipedia.org/wiki/2014_British_Grand_Prix,43
909,2014,10,10,German Grand Prix,http://en.wikipedia.org/wiki/2014_German_Grand_Prix,92
910,2014,11,11,Hungarian Grand Prix,http://en.wikipedia.org/wiki/2014_Hungarian_Grand_Prix,52
911,2014,12,13,Belgian Grand Prix,http://en.wikipedia.org/wiki/2014_Belgian_Grand_Prix,62
912,2014,13,14,Italian Grand Prix,http://en.wikipedia.org/wiki/2014_Italian_Grand_Prix,45
913,2014,14,15,Singapore Grand Prix,http://en.wikipedia.org/wiki/2014_Singapore_Grand_Prix,52
914,2014,15,22,Japanese Grand Prix,http://en.wikipedia.org/wiki/2014_Japanese_Grand_Prix,37
915,2014,16,71,Russian Grand Prix,http://en.wikipedia.org/wiki/2014_Russian_Grand_Prix,44
916,2014,17,69,United States Grand Prix,http://en.wikipedia.org/wiki/2014_United_States_Grand_Prix,40
917,2014,18,18,Brazilian Grand Prix,http://en.wikipedia.org/wiki/2014_Brazilian_Grand_Prix,41
918,2014,19,24,Abu Dhabi Grand Prix,http://en.wikipedia.org/wiki/2014_Abu_Dhabi_Grand_Prix,56
931,2015,6,6,Monaco Grand Prix,http://en.wikipedia.org/wiki/2015_Monaco_Grand_Prix,11
932,2015,7,7,Canadian Grand Prix,http://en.wikipedia.org/wiki/2015_Canadian_Grand_Prix,74
929,2015,4,3,Bahrain Grand Prix,http://en.wikipedia.org/wiki/2015_Bahrain_Grand_Prix,32
930,2015,5,4,Spanish Grand Prix,http://en.wikipedia.org/wiki/2015_Spanish_Grand_Prix,45
928,2015,3,17,Chinese Grand Prix,http://en.wikipedia.org/wiki/2015_Chinese_Grand_Prix,30
926,2015,1,1,Australian Grand Prix,http://en.wikipedia.org/wiki/2015_Australian_Grand_Prix,10
927,2015,2,2,Malaysian Grand Prix,http://en.wikipedia.org/wiki/2015_Malaysian_Grand_Prix,38
933,2015,8,70,Austrian Grand Prix,http://en.wikipedia.org/wiki/2015_Austrian_Grand_Prix,21
934,2015,9,9,British Grand Prix,http://en.wikipedia.org/wiki/2015_British_Grand_Prix,22
936,2015,10,11,Hungarian Grand Prix,http://en.wikipedia.org/wiki/2015_Hungarian_Grand_Prix,35
937,2015,11,13,Belgian Grand Prix,http://en.wikipedia.org/wiki/2015_Belgian_Grand_Prix,30
938,2015,12,14,Italian Grand Prix,http://en.wikipedia.org/wiki/2015_Italian_Grand_Prix,33
939,2015,13,15,Singapore Grand Prix,http://en.wikipedia.org/wiki/2015_Singapore_Grand_Prix,15
940,2015,14,22,Japanese Grand Prix,http://en.wikipedia.org/wiki/2015_Japanese_Grand_Prix,37
941,2015,15,71,Russian Grand Prix,http://en.wikipedia.org/wiki/2015_Russian_Grand_Prix,31
942,2015,16,69,United States Grand Prix,http://en.wikipedia.org/wiki/2015_United_States_Grand_Prix,63
943,2015,17,32,Mexican Grand Prix,http://en.wikipedia.org/wiki/2015_Mexican_Grand_Prix,33
944,2015,18,18,Brazilian Grand Prix,http://en.wikipedia.org/wiki/2015_Brazilian_Grand_Prix,38
945,2015,19,24,Abu Dhabi Grand Prix,http://en.wikipedia.org/wiki/2015_Abu_Dhabi_Grand_Prix,31
948,2016,1,1,Australian Grand Prix,http://en.wikipedia.org/wiki/2016_Australian_Grand_Prix,37
949,2016,2,3,Bahrain Grand Prix,http://en.wikipedia.org/wiki/2016_Bahrain_Grand_Prix,90
950,2016,3,17,Chinese Grand Prix,http://en.wikipedia.org/wiki/2016_Chinese_Grand_Prix,170
951,2016,4,71,Russian Grand Prix,http://en.wikipedia.org/wiki/2016_Russian_Grand_Prix,31
952,2016,5,4,Spanish Grand Prix,http://en.wikipedia.org/wiki/2016_Spanish_Grand_Prix,54
953,2016,6,6,Monaco Grand Prix,http://en.wikipedia.org/wiki/2016_Monaco_Grand_Prix,14
954,2016,7,7,Canadian Grand Prix,http://en.wikipedia.org/wiki/2016_Canadian_Grand_Prix,33
955,2016,8,73,European Grand Prix,http://en.wikipedia.org/wiki/2016_European_Grand_Prix,80
956,2016,9,70,Austrian Grand Prix,http://en.wikipedia.org/wiki/2016_Austrian_Grand_Prix,78
957,2016,10,9,British Grand Prix,http://en.wikipedia.org/wiki/2016_British_Grand_Prix,16
958,2016,11,11,Hungarian Grand Prix,http://en.wikipedia.org/wiki/2016_Hungarian_Grand_Prix,12
959,2016,12,10,German Grand Prix,http://en.wikipedia.org/wiki/2016_German_Grand_Prix,58
960,2016,13,13,Belgian Grand Prix,http://en.wikipedia.org/wiki/2016_Belgian_Grand_Prix,50
961,2016,14,14,Italian Grand Prix,http://en.wikipedia.org/wiki/2016_Italian_Grand_Prix,49
962,2016,15,15,Singapore Grand Prix,http://en.wikipedia.org/wiki/2016_Singapore_Grand_Prix,40
963,2016,16,2,Malaysian Grand Prix,http://en.wikipedia.org/wiki/2016_Malaysian_Grand_Prix,44
964,2016,17,22,Japanese Grand Prix,http://en.wikipedia.org/wiki/2016_Japanese_Grand_Prix,50
965,2016,18,69,United States Grand Prix,http://en.wikipedia.org/wiki/2016_United_States_Grand_Prix,57
966,2016,19,32,Mexican Grand Prix,http://en.wikipedia.org/wiki/2016_Mexican_Grand_Prix,26
967,2016,20,18,Brazilian Grand Prix,http://en.wikipedia.org/wiki/2016_Brazilian_Grand_Prix,65
968,2016,21,24,Abu Dhabi Grand Prix,http://en.wikipedia.org/wiki/2016_Abu_Dhabi_Grand_Prix,43
969,2017,1,1,Australian Grand Prix,http://en.wikipedia.org/wiki/2017_Australian_Grand_Prix,2
970,2017,2,17,Chinese Grand Prix,http://en.wikipedia.org/wiki/2017_Chinese_Grand_Prix,36
971,2017,3,3,Bahrain Grand Prix,http://en.wikipedia.org/wiki/2017_Bahrain_Grand_Prix,38
972,2017,4,71,Russian Grand Prix,http://en.wikipedia.org/wiki/2017_Russian_Grand_Prix,0
973,2017,5,4,Spanish Grand Prix,http://en.wikipedia.org/wiki/2017_Spanish_Grand_Prix,20
974,2017,6,6,Monaco Grand Prix,http://en.wikipedia.org/wiki/2017_Monaco_Grand_Prix,3
975,2017,7,7,Canadian Grand Prix,http://en.wikipedia.org/wiki/2017_Canadian_Grand_Prix,34
976,2017,8,73,Azerbaijan Grand Prix,http://en.wikipedia.org/wiki/2017_Azerbaijan_Grand_Prix,48
977,2017,9,70,Austrian Grand Prix,http://en.wikipedia.org/wiki/2017_Austrian_Grand_Prix,13
978,2017,10,9,British Grand Prix,http://en.wikipedia.org/wiki/2017_British_Grand_Prix,39
979,2017,11,11,Hungarian Grand Prix,http://en.wikipedia.org/wiki/2017_Hungarian_Grand_Prix,9
980,2017,12,13,Belgian Grand Prix,http://en.wikipedia.org/wiki/2017_Belgian_Grand_Prix,42
981,2017,13,14,Italian Grand Prix,http://en.wikipedia.org/wiki/2017_Italian_Grand_Prix,38
982,2017,14,15,Singapore Grand Prix,http://en.wikipedia.org/wiki/2017_Singapore_Grand_Prix,16
983,2017,15,2,Malaysian Grand Prix,http://en.wikipedia.org/wiki/2017_Malaysian_Grand_Prix,33
984,2017,16,22,Japanese Grand Prix,http://en.wikipedia.org/wiki/2017_Japanese_Grand_Prix,19
985,2017,17,69,United States Grand Prix,http://en.wikipedia.org/wiki/2017_United_States_Grand_Prix,44
986,2017,18,32,Mexican Grand Prix,http://en.wikipedia.org/wiki/2017_Mexican_Grand_Prix,26
987,2017,19,18,Brazilian Grand Prix,http://en.wikipedia.org/wiki/2017_Brazilian_Grand_Prix,37
988,2017,20,24,Abu Dhabi Grand Prix,http://en.wikipedia.org/wiki/2017_Abu_Dhabi_Grand_Prix,12
989,2018,1,1,Australian Grand Prix,http://en.wikipedia.org/wiki/2018_Australian_Grand_Prix,5
990,2018,2,3,Bahrain Grand Prix,http://en.wikipedia.org/wiki/2018_Bahrain_Grand_Prix,62
991,2018,3,17,Chinese Grand Prix,http://en.wikipedia.org/wiki/2018_Chinese_Grand_Prix,53
992,2018,4,73,Azerbaijan Grand Prix,http://en.wikipedia.org/wiki/2018_Azerbaijan_Grand_Prix,58
993,2018,5,4,Spanish Grand Prix,http://en.wikipedia.org/wiki/2018_Spanish_Grand_Prix,13
994,2018,6,6,Monaco Grand Prix,http://en.wikipedia.org/wiki/2018_Monaco_Grand_Prix,4
995,2018,7,7,Canadian Grand Prix,http://en.wikipedia.org/wiki/2018_Canadian_Grand_Prix,15
996,2018,8,34,French Grand Prix,http://en.wikipedia.org/wiki/2018_French_Grand_Prix,52
997,2018,9,70,Austrian Grand Prix,http://en.wikipedia.org/wiki/2018_Austrian_Grand_Prix,30
998,2018,10,9,British Grand Prix,http://en.wikipedia.org/wiki/2018_British_Grand_Prix,33
999,2018,11,10,German Grand Prix,http://en.wikipedia.org/wiki/2018_German_Grand_Prix,66
1000,2018,12,11,Hungarian Grand Prix,http://en.wikipedia.org/wiki/2018_Hungarian_Grand_Prix,21
1001,2018,13,13,Belgian Grand Prix,http://en.wikipedia.org/wiki/2018_Belgian_Grand_Prix,30
1002,2018,14,14,Italian Grand Prix,http://en.wikipedia.org/wiki/2018_Italian_Grand_Prix,44
1003,2018,15,15,Singapore Grand Prix,http://en.wikipedia.org/wiki/2018_Singapore_Grand_Prix,13
1004,2018,16,71,Russian Grand Prix,http://en.wikipedia.org/wiki/2018_Russian_Grand_Prix,33
1005,2018,17,22,Japanese Grand Prix,http://en.wikipedia.org/wiki/2018_Japanese_Grand_Prix,60
1006,2018,18,69,United States Grand Prix,http://en.wikipedia.org/wiki/2018_United_States_Grand_Prix,31
1007,2018,19,32,Mexican Grand Prix,http://en.wikipedia.org/wiki/2018_Mexican_Grand_Prix,36
1008,2018,20,18,Brazilian Grand Prix,http://en.wikipedia.org/wiki/2018_Brazilian_Grand_Prix,52
1009,2018,21,24,Abu Dhabi Grand Prix,http://en.wikipedia.org/wiki/2018_Abu_Dhabi_Grand_Prix,38
1010,2019,1,1,Australian Grand Prix,http://en.wikipedia.org/wiki/2019_Australian_Grand_Prix,12
1011,2019,2,3,Bahrain Grand Prix,http://en.wikipedia.org/wiki/2019_Bahrain_Grand_Prix,73
1012,2019,3,17,Chinese Grand Prix,http://en.wikipedia.org/wiki/2019_Chinese_Grand_Prix,40
1013,2019,4,73,Azerbaijan Grand Prix,http://en.wikipedia.org/wiki/2019_Azerbaijan_Grand_Prix,62
1014,2019,5,4,Spanish Grand Prix,http://en.wikipedia.org/wiki/2019_Spanish_Grand_Prix,26
1015,2019,6,6,Monaco Grand Prix,http://en.wikipedia.org/wiki/2019_Monaco_Grand_Prix,2
1016,2019,7,7,Canadian Grand Prix,http://en.wikipedia.org/wiki/2019_Canadian_Grand_Prix,30
1017,2019,8,34,French Grand Prix,http://en.wikipedia.org/wiki/2019_French_Grand_Prix,28
1018,2019,9,70,Austrian Grand Prix,http://en.wikipedia.org/wiki/2019_Austrian_Grand_Prix,50
1019,2019,10,9,British Grand Prix,http://en.wikipedia.org/wiki/2019_British_Grand_Prix,33
1020,2019,11,10,German Grand Prix,http://en.wikipedia.org/wiki/2019_German_Grand_Prix,94
1021,2019,12,11,Hungarian Grand Prix,http://en.wikipedia.org/wiki/2019_Hungarian_Grand_Prix,31
1022,2019,13,13,Belgian Grand Prix,http://en.wikipedia.org/wiki/2019_Belgian_Grand_Prix,63
1023,2019,14,14,Italian Grand Prix,http://en.wikipedia.org/wiki/2019_Italian_Grand_Prix,45
1024,2019,15,15,Singapore Grand Prix,http://en.wikipedia.org/wiki/2019_Singapore_Grand_Prix,59
1025,2019,16,71,Russian Grand Prix,http://en.wikipedia.org/wiki/2019_Russian_Grand_Prix,28
1026,2019,17,22,Japanese Grand Prix,http://en.wikipedia.org/wiki/2019_Japanese_Grand_Prix,58
1027,2019,18,32,Mexican Grand Prix,http://en.wikipedia.org/wiki/2019_Mexican_Grand_Prix,46
1028,2019,19,69,United States Grand Prix,http://en.wikipedia.org/wiki/2019_United_States_Grand_Prix,61
1029,2019,20,18,Brazilian Grand Prix,http://en.wikipedia.org/wiki/2019_Brazilian_Grand_Prix,71
1030,2019,21,24,Abu Dhabi Grand Prix,http://en.wikipedia.org/wiki/2019_Abu_Dhabi_Grand_Prix,37
1031,2020,1,70,Austrian Grand Prix,http://en.wikipedia.org/wiki/2020_Austrian_Grand_Prix,29
1032,2020,2,70,Styrian Grand Prix,http://en.wikipedia.org/wiki/2020_Styrian_Grand_Prix,49
1033,2020,3,11,Hungarian Grand Prix,http://en.wikipedia.org/wiki/2020_Hungarian_Grand_Prix,44
1034,2020,4,9,British Grand Prix,http://en.wikipedia.org/wiki/2020_British_Grand_Prix,26
1035,2020,5,9,70th Anniversary Grand Prix,http://en.wikipedia.org/wiki/70th_Anniversary_Grand_Prix,29
1036,2020,6,4,Spanish Grand Prix,http://en.wikipedia.org/wiki/2020_Spanish_Grand_Prix,32
1037,2020,7,13,Belgian Grand Prix,http://en.wikipedia.org/wiki/2020_Belgian_Grand_Prix,32
1038,2020,8,14,Italian Grand Prix,http://en.wikipedia.org/wiki/2020_Italian_Grand_Prix,36
1039,2020,9,76,Tuscan Grand Prix,http://en.wikipedia.org/wiki/2020_Tuscan_Grand_Prix,19
1040,2020,10,71,Russian Grand Prix,http://en.wikipedia.org/wiki/2020_Russian_Grand_Prix,31
1041,2020,11,20,Eifel Grand Prix,http://en.wikipedia.org/wiki/2020_Eifel_Grand_Prix,41
1042,2020,12,75,Portuguese Grand Prix,http://en.wikipedia.org/wiki/2020_Portuguese_Grand_Prix,69
1043,2020,13,21,Emilia Romagna Grand Prix,http://en.wikipedia.org/wiki/2020_Emilia_Romagna_Grand_Prix,10
1044,2020,14,5,Turkish Grand Prix,http://en.wikipedia.org/wiki/2020_Turkish_Grand_Prix,42
1045,2020,15,3,Bahrain Grand Prix,http://en.wikipedia.org/wiki/2020_Bahrain_Grand_Prix,54
1046,2020,16,3,Sakhir Grand Prix,http://en.wikipedia.org/wiki/2020_Sakhir_Grand_Prix,51
1047,2020,17,24,Abu Dhabi Grand Prix,http://en.wikipedia.org/wiki/2020_Abu_Dhabi_Grand_Prix,34
1053,2021,2,21,Emilia Romagna Grand Prix,http://en.wikipedia.org/wiki/2021_Emilia_Romagna_Grand_Prix,75
1052,2021,1,3,Bahrain Grand Prix,http://en.wikipedia.org/wiki/2021_Bahrain_Grand_Prix,42
1051,2021,20,78,Qatar Grand Prix,http://en.wikipedia.org/wiki/2021_Qatar_Grand_Prix,45
1054,2021,3,75,Portuguese Grand Prix,http://en.wikipedia.org/wiki/2021_Portuguese_Grand_Prix,51
1055,2021,4,4,Spanish Grand Prix,http://en.wikipedia.org/wiki/2021_Spanish_Grand_Prix,0
1056,2021,5,6,Monaco Grand Prix,http://en.wikipedia.org/wiki/2021_Monaco_Grand_Prix,27
1057,2021,6,73,Azerbaijan Grand Prix,http://en.wikipedia.org/wiki/2021_Azerbaijan_Grand_Prix,60
1058,2021,8,70,Styrian Grand Prix,http://en.wikipedia.org/wiki/2021_Styrian_Grand_Prix,24
1059,2021,7,34,French Grand Prix,http://en.wikipedia.org/wiki/2021_French_Grand_Prix,38
1060,2021,9,70,Austrian Grand Prix,http://en.wikipedia.org/wiki/2021_Austrian_Grand_Prix,29
1061,2021,10,9,British Grand Prix,http://en.wikipedia.org/wiki/2021_British_Grand_Prix,17
1062,2021,11,11,Hungarian Grand Prix,http://en.wikipedia.org/wiki/2021_Hungarian_Grand_Prix,0
1063,2021,12,13,Belgian Grand Prix,http://en.wikipedia.org/wiki/2021_Belgian_Grand_Prix,24
1064,2021,13,39,Dutch Grand Prix,http://en.wikipedia.org/wiki/2021_Dutch_Grand_Prix,23
1065,2021,14,14,Italian Grand Prix,http://en.wikipedia.org/wiki/2021_Italian_Grand_Prix,94
1066,2021,15,71,Russian Grand Prix,http://en.wikipedia.org/wiki/2021_Russian_Grand_Prix,26
1067,2021,16,5,Turkish Grand Prix,http://en.wikipedia.org/wiki/2021_Turkish_Grand_Prix,32
1069,2021,17,69,United States Grand Prix,http://en.wikipedia.org/wiki/2021_United_States_Grand_Prix,23
1070,2021,18,32,Mexico City Grand Prix,http://en.wikipedia.org/wiki/2021_Mexican_Grand_Prix,65
1071,2021,19,18,So Paulo Grand Prix,http://en.wikipedia.org/wiki/2021_S%C3%A3o_Paulo_Grand_Prix,49
1072,2021,21,77,Saudi Arabian Grand Prix,http://en.wikipedia.org/wiki/2021_Saudi_Arabian_Grand_Prix,27
1073,2021,22,24,Abu Dhabi Grand Prix,http://en.wikipedia.org/wiki/2021_Abu_Dhabi_Grand_Prix,36
1074,2022,1,3,Bahrain Grand Prix,http://en.wikipedia.org/wiki/2022_Bahrain_Grand_Prix,78
1075,2022,2,77,Saudi Arabian Grand Prix,http://en.wikipedia.org/wiki/2022_Saudi_Arabian_Grand_Prix,32
1076,2022,3,1,Australian Grand Prix,http://en.wikipedia.org/wiki/2022_Australian_Grand_Prix,34
1077,2022,4,21,Emilia Romagna Grand Prix,http://en.wikipedia.org/wiki/2022_Emilia_Romagna_Grand_Prix,23
1078,2022,5,79,Miami Grand Prix,http://en.wikipedia.org/wiki/2022_Miami_Grand_Prix,52
1079,2022,6,4,Spanish Grand Prix,http://en.wikipedia.org/wiki/2022_Spanish_Grand_Prix,48
1080,2022,7,6,Monaco Grand Prix,http://en.wikipedia.org/wiki/2022_Monaco_Grand_Prix,13
1081,2022,8,73,Azerbaijan Grand Prix,http://en.wikipedia.org/wiki/2022_Azerbaijan_Grand_Prix,23
1082,2022,9,7,Canadian Grand Prix,http://en.wikipedia.org/wiki/2022_Canadian_Grand_Prix,35
1083,2022,10,9,British Grand Prix,http://en.wikipedia.org/wiki/2022_British_Grand_Prix,31
1084,2022,11,70,Austrian Grand Prix,http://en.wikipedia.org/wiki/2022_Austrian_Grand_Prix,67
1085,2022,12,34,French Grand Prix,http://en.wikipedia.org/wiki/2022_French_Grand_Prix,33
1086,2022,13,11,Hungarian Grand Prix,http://en.wikipedia.org/wiki/2022_Hungarian_Grand_Prix,61
1087,2022,14,13,Belgian Grand Prix,http://en.wikipedia.org/wiki/2022_Belgian_Grand_Prix,74
1088,2022,15,39,Dutch Grand Prix,http://en.wikipedia.org/wiki/2022_Dutch_Grand_Prix,23
1089,2022,16,14,Italian Grand Prix,http://en.wikipedia.org/wiki/2022_Italian_Grand_Prix,58
1091,2022,17,15,Singapore Grand Prix,http://en.wikipedia.org/wiki/2022_Singapore_Grand_Prix,16
1092,2022,18,22,Japanese Grand Prix,http://en.wikipedia.org/wiki/2022_Japanese_Grand_Prix,28
1093,2022,19,69,United States Grand Prix,http://en.wikipedia.org/wiki/2022_United_States_Grand_Prix,85
1094,2022,20,32,Mexico City Grand Prix,http://en.wikipedia.org/wiki/2022_Mexican_Grand_Prix,24
1095,2022,21,18,Brazilian Grand Prix,http://en.wikipedia.org/wiki/2022_Brazilian_Grand_Prix,77
1096,2022,22,24,Abu Dhabi Grand Prix,http://en.wikipedia.org/wiki/2022_Abu_Dhabi_Grand_Prix,79